id,name,hasparent,keywords,ROR
05qrfxd25,Russian Academy of Sciences,FALSE,,https://ror.org/05qrfxd25
02frkq021,Siberian Branch of the Russian Academy of Sciences,TRUE,,https://ror.org/02frkq021
03e5eem51,Budker Institute of Nuclear Physics,TRUE,,https://ror.org/03e5eem51
0277xgb12,Institute of Cytology and Genetics,TRUE,,https://ror.org/0277xgb12
02azz6x90,Institute of Theoretical and Applied Mechanics,TRUE,,https://ror.org/02azz6x90
00shc0s02,Sobolev Institute of Mathematics,TRUE,,https://ror.org/00shc0s02
01v5rbf40,Yu.G. Shafer Institute of Cosmophysical Research and Aeronomy,TRUE,,https://ror.org/01v5rbf40
04t5w6b17,Lavrentyev Institute of Hydrodynamics,TRUE,,https://ror.org/04t5w6b17
008kv0w14,Siberian Center for Environmental Research and Training,TRUE,,https://ror.org/008kv0w14
04rf83d41,East-Siberian Institute of the Ministry of Internal Affairs of the Russian Federation,TRUE,,https://ror.org/04rf83d41
03g1eje15,Siberian Independent Institute,TRUE,,https://ror.org/03g1eje15
05swf4h71,Siberian Institute of Business and Information Technologies,TRUE,,https://ror.org/05swf4h71
02375ts60,New Siberian Institute,TRUE,,https://ror.org/02375ts60
01473qm81,Siberian Institute of Business Management and Psychology,TRUE,,https://ror.org/01473qm81
02vbq0s06,Siberian Law Institute of Russian Federal Drug Control Service,TRUE,,https://ror.org/02vbq0s06
04wteqw51,Institute for System Dynamics and Control Theory,TRUE,,https://ror.org/04wteqw51
045xd0268,Institute of the Earth’s Crust,TRUE,,https://ror.org/045xd0268
00c6xwj41,Institute of Chemistry and Chemical Technology,TRUE,,https://ror.org/00c6xwj41
006btmz82,Institute of Systematics and Ecology of Animals,TRUE,,https://ror.org/006btmz82
05m3tag45,Institute of Archaeology and Ethnography,TRUE,,https://ror.org/05m3tag45
02qpqb855,Institute of History,TRUE,,https://ror.org/02qpqb855
011nbgj79,Institute of Coal of the Siberian Branch of the RAS,TRUE,,https://ror.org/011nbgj79
04faa0n67,Institute of Economics and Industrial Engineering,TRUE,,https://ror.org/04faa0n67
007ebp326,Krasnoyarsk Scientific Center,TRUE,,https://ror.org/007ebp326
05pp7qy10,Institute of Hydrocarbon Processing,TRUE,,https://ror.org/05pp7qy10
04xnqnd94,Institute for Humanities Research and Indigenous Studies of the North,TRUE,,https://ror.org/04xnqnd94
00f4mz521,Institute of Strength Physics and Materials Science,TRUE,,https://ror.org/00f4mz521
00mj88198,"Institute of Natural Resources, Ecology and Cryology",TRUE,,https://ror.org/00mj88198
00q976b76,Institute of Geography,TRUE,,https://ror.org/00q976b76
04d7gd791,Institute of Monitoring of Climatic and Ecological Systems,TRUE,,https://ror.org/04d7gd791
02hgfj293,Siberian Research Institute of Agricultural Economics,TRUE,,https://ror.org/02hgfj293
03gbabd35,Institute of Coal Chemistry and Material Science,TRUE,,https://ror.org/03gbabd35
05t43vz03,Far East Branch of the Russian Academy of Sciences,TRUE,,https://ror.org/05t43vz03
019egy464,Far Eastern University Institute of Law,TRUE,,https://ror.org/019egy464
052qf7p09,Far Eastern Law Institute of Ministry of Internal Affairs of Russia,TRUE,,https://ror.org/052qf7p09
029fxjk95,"Institute of History, Archaeology and Ethnography of the Peoples of Far-East",TRUE,,https://ror.org/029fxjk95
04x7sgz22,Mining Institute,TRUE,,https://ror.org/04x7sgz22
00h9jx107,Institute of Applied Mathematics,TRUE,,https://ror.org/00h9jx107
03f5ppt85,"Pacific Institute of Geography, Far Eastern Branch of the Russian Academy of Sciences",TRUE,,https://ror.org/03f5ppt85
03szme345,Institute of Tectonics and Geophysics named after Y.A. Kosygin,TRUE,,https://ror.org/03szme345
05qc18f66,V.I. Il'ichev Pacific Oceanological Institute,TRUE,,https://ror.org/05qc18f66
030hk6x09,Institute of Space Physics Research and Radio Wave Propagation,TRUE,,https://ror.org/030hk6x09
04eqxyk73,Institute of Volcanology and Seismology,TRUE,,https://ror.org/04eqxyk73
02akkm420,Institute of Automation and Control Processes,TRUE,,https://ror.org/02akkm420
00wp2bj27,"Institute of Chemistry, Far Eastern Branch of the Russian Academy of Sciences",TRUE,,https://ror.org/00wp2bj27
04y7bzk92,Sakhalin Botanical Garden,TRUE,,https://ror.org/04y7bzk92
021scha67,Institute of Biological Problems of the North,TRUE,,https://ror.org/021scha67
05pntjg19,Amur Scientific Center,TRUE,,https://ror.org/05pntjg19
0557kgc34,Computing Center,TRUE,,https://ror.org/0557kgc34
03y5fjm90,Special Design Bureau for Automation of Marine Research,TRUE,,https://ror.org/03y5fjm90
02s4h3z39,Ural Branch of the Russian Academy of Sciences,TRUE,,https://ror.org/02s4h3z39
01yyzg640,West Ural Institute of Economics and Law,TRUE,,https://ror.org/01yyzg640
020m36v47,South-Ural States Institute of Arts the name of P.I. Tchaikovsky,TRUE,,https://ror.org/020m36v47
025kkqh74,Ural State Conservatory named after MP Mussorgsky,TRUE,,https://ror.org/025kkqh74
02rzsax38,Ural Institute of Finance and Law,TRUE,,https://ror.org/02rzsax38
057j5m475,Ural Institute for the Humanities,TRUE,,https://ror.org/057j5m475
04hzqbs28,Ural Institute of Business,TRUE,,https://ror.org/04hzqbs28
002zjz985,"Ural Institute of Economics, Management and Law",TRUE,,https://ror.org/002zjz985
05ph49593,Ural Institute of the Stock Market,TRUE,,https://ror.org/05ph49593
02gyp0j55,Ural Institute of Commerce and Law,TRUE,,https://ror.org/02gyp0j55
00fkjwd61,Ural Law Institute Russian Ministry of Internal Affairs,TRUE,,https://ror.org/00fkjwd61
051jjt714,Institute of Electrophysics,TRUE,,https://ror.org/051jjt714
04rb38388,Institute of Metallurgy,TRUE,,https://ror.org/04rb38388
0261qw820,Institute of Steppe,TRUE,,https://ror.org/0261qw820
02r4ram30,Institute of Economics,TRUE,,https://ror.org/02r4ram30
019j3tz70,Institute of Geophysics,TRUE,,https://ror.org/019j3tz70
02jj4k517,Physico-Technical Institute,TRUE,,https://ror.org/02jj4k517
0266a1t84,"Udmurt Institute of History, Language and Literature",TRUE,,https://ror.org/0266a1t84
01azrym08,M.N. Mikheev Institute of Metal Physics,TRUE,,https://ror.org/01azrym08
010ftx126,Institute of Thermal Physics,TRUE,,https://ror.org/010ftx126
05ptgb204,Mining Institute of the Ural Branch of the Russian Academy of Sciences,TRUE,,https://ror.org/05ptgb204
02168cw18,Institute of Industrial Ecology,TRUE,,https://ror.org/02168cw18
02cbc9x18,Ural Institute of Metals,TRUE,,https://ror.org/02cbc9x18
03msdt869,Institute of Plant and Animal Ecology,TRUE,,https://ror.org/03msdt869
02k9pct19,Institute of Physiology Komi Science Center,TRUE,,https://ror.org/02k9pct19
01tpj7340,Institute of Geology Komi SC UB RAS,TRUE,,https://ror.org/01tpj7340
053nrfb18,Southern Scientific Center,TRUE,,https://ror.org/053nrfb18
04f3vpm64,Institute of Anthropology and Ethnography,TRUE,,https://ror.org/04f3vpm64
02xkdev90,Department of Mathematical Sciences,TRUE,,https://ror.org/02xkdev90
00shc0s02,Sobolev Institute of Mathematics,TRUE,,https://ror.org/00shc0s02
03zeg8w71,Steklov Mathematical Institute,TRUE,,https://ror.org/03zeg8w71
04xtpdj18,Institute of Mathematical Problems of Biology,TRUE,,https://ror.org/04xtpdj18
01dv3hq14,Keldysh Institute of Applied Mathematics,TRUE,,https://ror.org/01dv3hq14
017ef8252,Institute for System Programming,TRUE,,https://ror.org/017ef8252
029fhmb28,Institute of Mathematics and Mechanics,TRUE,,https://ror.org/029fhmb28
00520ey40,Institute of Numerical Mathematics,TRUE,,https://ror.org/00520ey40
03vv7cm03,Institute of Mathematics with Computer Center,TRUE,,https://ror.org/03vv7cm03
01z686714,Institute of Computational Mathematics and Mathematical Geophysics,TRUE,,https://ror.org/01z686714
048amsp50,Institute for Computer Aided Design,TRUE,,https://ror.org/048amsp50
00h9jx107,Institute of Applied Mathematics,TRUE,,https://ror.org/00h9jx107
030h9s280,St. Petersburg Department of Steklov Institute of Mathematics,TRUE,,https://ror.org/030h9s280
01vgda714,Dorodnitsyn Computing Centre,TRUE,,https://ror.org/01vgda714
00ns9pc83,Physical Sciences Division,TRUE,,https://ror.org/00ns9pc83
05ne3s142,Saint Petersburg Academic University,TRUE,,https://ror.org/05ne3s142
05nnv1197,Institute of Applied Physics,TRUE,,https://ror.org/05nnv1197
03e5eem51,Budker Institute of Nuclear Physics,TRUE,,https://ror.org/03e5eem51
00ezjkn15,Institute of Solid State Physics,TRUE,,https://ror.org/00ezjkn15
05dkdaa55,Ioffe Institute,TRUE,,https://ror.org/05dkdaa55
050rg6t21,Prokhorov General Physics Institute,TRUE,,https://ror.org/050rg6t21
01a1xfd09,Institute for Nuclear Research,TRUE,,https://ror.org/01a1xfd09
03mzbmf11,Institute for Physics of Microstructures,TRUE,,https://ror.org/03mzbmf11
01jkd3546,P.N. Lebedev Physical Institute of the Russian Academy of Sciences,TRUE,,https://ror.org/01jkd3546
04ryvdf08,Space Research Institute,TRUE,,https://ror.org/04ryvdf08
037styt87,Petersburg Nuclear Physics Institute,TRUE,,https://ror.org/037styt87
01v5rbf40,Yu.G. Shafer Institute of Cosmophysical Research and Aeronomy,TRUE,,https://ror.org/01v5rbf40
049ecjx61,A.V. Shubnikov Institute of Crystallography,TRUE,,https://ror.org/049ecjx61
00b5qjr76,Institute of Laser Physics,TRUE,,https://ror.org/00b5qjr76
00k9x6n46,Institute of Terrestrial Magnetism Ionosphere and Radio Wave Propagation,TRUE,,https://ror.org/00k9x6n46
043hjsp66,Institute of Physical Problems. PL Kapitsa of the Russian Academy of Sciences,TRUE,,https://ror.org/043hjsp66
00z65ng94,Landau Institute for Theoretical Physics,TRUE,,https://ror.org/00z65ng94
05m4hh157,Pulkovo Observatory,TRUE,,https://ror.org/05m4hh157
05baf4s06,Ussuriysk Astrophysical Observatory,TRUE,,https://ror.org/05baf4s06
03napcw37,Institute of Semiconductor Physics,TRUE,,https://ror.org/03napcw37
01qdbbk19,Special Astrophysical Observatory,TRUE,,https://ror.org/01qdbbk19
05gbyky62,Institute of Radio-Engineering and Electronics,TRUE,,https://ror.org/05gbyky62
055fe2s59,Institute of High Current Electronics,TRUE,,https://ror.org/055fe2s59
029bjdf19,Institute of Physics,TRUE,,https://ror.org/029bjdf19
026c02f25,Kazan E. K. Zavoisky Physical-Technical Institute,TRUE,,https://ror.org/026c02f25
01nmpe263,Institute of Spectroscopy,TRUE,,https://ror.org/01nmpe263
01whksa54,Institute of Astronomy,TRUE,,https://ror.org/01whksa54
01b1j4e13,Institute for High Pressure Physics,TRUE,,https://ror.org/01b1j4e13
02jj4k517,Physico-Technical Institute,TRUE,,https://ror.org/02jj4k517
045v66z43,Institute of Physical Materials Science,TRUE,,https://ror.org/045v66z43
007mjr682,Fiber Optics Research Center,TRUE,,https://ror.org/007mjr682
047exzk05,Nuclear Safety Institute,TRUE,,https://ror.org/047exzk05
04b581c27,Institute of Applied Astronomy,TRUE,,https://ror.org/04b581c27
030hk6x09,Institute of Space Physics Research and Radio Wave Propagation,TRUE,,https://ror.org/030hk6x09
01azrym08,M.N. Mikheev Institute of Metal Physics,TRUE,,https://ror.org/01azrym08
00bbt0744,Polar Geophysical Institute,TRUE,,https://ror.org/00bbt0744
00tgr2h49,Computer Equipment and Technologies,TRUE,,https://ror.org/00tgr2h49
034fqtg16,Institute of Microelectronics Technology and High Purity Materials,TRUE,,https://ror.org/034fqtg16
02h6vef88,Institute for Analytical Instrumentation,TRUE,,https://ror.org/02h6vef88
013w2d378,Institute for Information Transmission Problems,TRUE,,https://ror.org/013w2d378
05fqdmq12,Institute of Automation and Electrometry,TRUE,,https://ror.org/05fqdmq12
047wbzv64,All Russian Institute for Scientific and Technical Information,TRUE,,https://ror.org/047wbzv64
00n8bqs64,Institute of Informatics Problems,TRUE,,https://ror.org/00n8bqs64
02jract75,Institute on Laser and Information Technologies,TRUE,,https://ror.org/02jract75
047f8bv22,Institute of Computational Modeling,TRUE,,https://ror.org/047f8bv22
02x3mf211,Institute of Computational Technologies,TRUE,,https://ror.org/02x3mf211
03134gf68,Image Processing Systems Institute,TRUE,,https://ror.org/03134gf68
01ccb9w37,St. Petersburg Institute for Informatics and Automation,TRUE,,https://ror.org/01ccb9w37
00t7t9a43,Institute for Design Problems in Microelectronics,TRUE,,https://ror.org/00t7t9a43
00x0vxx91,Institute of Physics and Technology,TRUE,,https://ror.org/00x0vxx91
02smvmz76,Research Institute for System Studies,TRUE,,https://ror.org/02smvmz76
05kknxr83,"Department of Energy, Engineering, Mechanics and Control Processes",TRUE,,https://ror.org/05kknxr83
02azz6x90,Institute of Theoretical and Applied Mechanics,TRUE,,https://ror.org/02azz6x90
04a3nrb88,Institute of Energy Problems of Chemical Physics,TRUE,,https://ror.org/04a3nrb88
00nj22y86,Institute for Problems in Mechanics,TRUE,,https://ror.org/00nj22y86
05f3yt521,V. A. Trapeznikov Institute of Control Sciences,TRUE,,https://ror.org/05f3yt521
04gns8903,Joint Institute for High Temperatures,TRUE,,https://ror.org/04gns8903
04zy24864,Institute of Thermophysics,TRUE,,https://ror.org/04zy24864
04t5w6b17,Lavrentyev Institute of Hydrodynamics,TRUE,,https://ror.org/04t5w6b17
047pt5178,Institute of Problems of Mechanical Engineering,TRUE,,https://ror.org/047pt5178
03ymmms77,Institute of Continuous Media Mechanics,TRUE,,https://ror.org/03ymmms77
03k42gv86,Institute of Machines Science,TRUE,,https://ror.org/03k42gv86
04wteqw51,Institute for System Dynamics and Control Theory,TRUE,,https://ror.org/04wteqw51
03zeyg902,Institute of Engineering Science,TRUE,,https://ror.org/03zeyg902
016zjn618,Institute of Metal Superplasticity Problems,TRUE,,https://ror.org/016zjn618
02726j593,Melentiev Energy Systems Institute,TRUE,,https://ror.org/02726j593
04jjns303,Institute of Applied Mechanics,TRUE,,https://ror.org/04jjns303
0379sy433,Energy Research Institute,TRUE,,https://ror.org/0379sy433
00f4mz521,Institute of Strength Physics and Materials Science,TRUE,,https://ror.org/00f4mz521
03af2ad05,Institute of Mechanics and Engineering,TRUE,,https://ror.org/03af2ad05
03s28ec08,Institute of Precision Mechanics and Control,TRUE,,https://ror.org/03s28ec08
051x4a456,Institute of Theoretical and Applied Electrodynamics,TRUE,,https://ror.org/051x4a456
02168cw18,Institute of Industrial Ecology,TRUE,,https://ror.org/02168cw18
059tqvg48,Department of Chemistry and Material Sciences,TRUE,,https://ror.org/059tqvg48
00kftxm09,Boreskov Institute of Catalysis,TRUE,,https://ror.org/00kftxm09
052r7yf45,Institute of Chemical Kinetics and Combustion,TRUE,,https://ror.org/052r7yf45
02nknzn40,Institute of Problems of Chemical Physics,TRUE,,https://ror.org/02nknzn40
05ftwc327,International Tomography Center,TRUE,,https://ror.org/05ftwc327
00tgps059,Novosibirsk Institute of Organic Chemistry,TRUE,,https://ror.org/00tgps059
01jgbgc06,A.V.Topchiev Institute of Petrochemical Synthesis,TRUE,,https://ror.org/01jgbgc06
01fqgdy56,Baikov Institute of Metallurgy and Materials Science,TRUE,,https://ror.org/01fqgdy56
01jemb993,Semenov Institute of Chemical Physics,TRUE,,https://ror.org/01jemb993
04zpmt351,Nikolaev Institute of Inorganic Chemistry,TRUE,,https://ror.org/04zpmt351
03jzs4815,A. N. Nesmeyanov Institute of Organoelement Compounds,TRUE,,https://ror.org/03jzs4815
01hy2c330,NS Kurnakova Institute of General and Inorganic Chemistry,TRUE,,https://ror.org/01hy2c330
057hsm867,Institute of Solid State Chemistry and Mechanochemistry,TRUE,,https://ror.org/057hsm867
053pwmv60,V.I. Vernadsky Institute of Geochemistry and Analytical Chemistry,TRUE,,https://ror.org/053pwmv60
007phxq15,N.D. Zelinsky Institute of Organic Chemistry,TRUE,,https://ror.org/007phxq15
004dzkd51,Frumkin Institute of Physical Chemistry and Electrochemistry,TRUE,,https://ror.org/004dzkd51
03jty3219,A.E. Arbuzov Institute of Organic and Physical Chemistry,TRUE,,https://ror.org/03jty3219
01rn72k05,G.A. Razuvaev Institute of Organometallic Chemistry,TRUE,,https://ror.org/01rn72k05
02vtmt724,Institute of Synthetic Polymeric Materials,TRUE,,https://ror.org/02vtmt724
05s61gx60,Photochemistry Center,TRUE,,https://ror.org/05s61gx60
00hfszj21,Institute of Catalysis and Petrochemistry,TRUE,,https://ror.org/00hfszj21
0521rv456,Institute of High Temperature Electrochemistry,TRUE,,https://ror.org/0521rv456
02zp2tc18,Institute of Solution Chemistry,TRUE,,https://ror.org/02zp2tc18
015vgt264,Institute of Chemistry of High-Purity Substances them. G.G.Devyatyh,TRUE,,https://ror.org/015vgt264
05xw3yj26,Institute of Physiologically Active Compounds,TRUE,,https://ror.org/05xw3yj26
00verxq29,A.E. Favorsky Irkutsk Institute of Chemistry,TRUE,,https://ror.org/00verxq29
00hgmwb30,Institute of Macromolecular Compounds,TRUE,,https://ror.org/00hgmwb30
019tvvb70,Institute of Organic Synthesis,TRUE,,https://ror.org/019tvvb70
01k8ec266,Ufa Institute of Chemistry,TRUE,,https://ror.org/01k8ec266
00c6xwj41,Institute of Chemistry and Chemical Technology,TRUE,,https://ror.org/00c6xwj41
04rb38388,Institute of Metallurgy,TRUE,,https://ror.org/04rb38388
01kga0z77,Institute of Solid State Chemistry,TRUE,,https://ror.org/01kga0z77
01zavqc64,Institute of Petroleum Chemistry,TRUE,,https://ror.org/01zavqc64
051fr2332,Institute of Structural Macrokinetics and Materials Science,TRUE,,https://ror.org/051fr2332
00wp2bj27,"Institute of Chemistry, Far Eastern Branch of the Russian Academy of Sciences",TRUE,,https://ror.org/00wp2bj27
0080yzn09,Institute of Technical Chemistry,TRUE,,https://ror.org/0080yzn09
047ax2108,Federal Research Centre Coal and Coal Chemistry,TRUE,,https://ror.org/047ax2108
04ggfw624,"Institute of Chemistry, Komi Science Center",TRUE,,https://ror.org/04ggfw624
048tnm037,Institute of Biochemical Physics NM Emanuel,TRUE,,https://ror.org/048tnm037
05pcmd548,Institute of Chemistry of Silicates named after IV Grebenshchikov,TRUE,,https://ror.org/05pcmd548
038rjvd86,Department of Biological Sciences,TRUE,,https://ror.org/038rjvd86
01tyr1g37,Institute for Biological Instrumentation,TRUE,,https://ror.org/01tyr1g37
03q3a8095,Institute of Marine Biology. AV Zhirmunsky Far Eastern Branch of the Russian Academy of Sciences,TRUE,,https://ror.org/03q3a8095
01a0xxp39,Institute of Basic Biological Problems,TRUE,,https://ror.org/01a0xxp39
03apz2q12,Institute of Molecular Genetics,TRUE,,https://ror.org/03apz2q12
01dg04253,Institute of Bioorganic Chemistry,TRUE,,https://ror.org/01dg04253
01mq8sh52,Institute of Biophysics,TRUE,,https://ror.org/01mq8sh52
027hwkg23,Engelhardt Institute of Molecular Biology,TRUE,,https://ror.org/027hwkg23
05gbnpz65,Institute of Cell Biophysics,TRUE,,https://ror.org/05gbnpz65
00gmz2d02,Institute of Chemical Biology and Fundamental Medicine,TRUE,,https://ror.org/00gmz2d02
01p3q4q56,Institute of Cytology,TRUE,,https://ror.org/01p3q4q56
0489f0s93,Institute of Protein Research,TRUE,,https://ror.org/0489f0s93
0277xgb12,Institute of Cytology and Genetics,TRUE,,https://ror.org/0277xgb12
008ebms37,Institute of Theoretical and Experimental Biophysics,TRUE,,https://ror.org/008ebms37
01yq9ya27,Institute of Gene Biology,TRUE,,https://ror.org/01yq9ya27
01pphqm45,Kazan Institute of Biochemistry and Biophysics,TRUE,,https://ror.org/01pphqm45
0009wsb17,A N Bach Institute of Biochemistry,TRUE,,https://ror.org/0009wsb17
02mh2cd26,Koltzov Institute of Developmental Biology,TRUE,,https://ror.org/02mh2cd26
00hqnxt08,Murmansk Marine Biological Institute,TRUE,,https://ror.org/00hqnxt08
02a9vnt59,Institute of Biochemistry and Genetics of Ufa Scientific Centre,TRUE,,https://ror.org/02a9vnt59
05ermrg42,Vavilov Institute of General Genetics,TRUE,,https://ror.org/05ermrg42
0577sef82,Severtsov Institute of Ecology and Evolution,TRUE,,https://ror.org/0577sef82
05snbjh64,Zoological Institute,TRUE,,https://ror.org/05snbjh64
00ejeex29,Institute of Physical-Chemical and Biological Problems in Soil Science,TRUE,,https://ror.org/00ejeex29
03nj29395,Institute of Biology of Inland Waters named Ivan Dmitrievich Papanin,TRUE,,https://ror.org/03nj29395
03hg8g849,Timiryazev Institute of Plant Physiology,TRUE,,https://ror.org/03hg8g849
05nb54h69,Botanical Institute VL Komarova,TRUE,,https://ror.org/05nb54h69
02fsfnf94,Institute of Molecular and Cell Biology,TRUE,,https://ror.org/02fsfnf94
023r5tg35,Institute of Biology and Soil,TRUE,,https://ror.org/023r5tg35
012a18r91,Sukachev Institute of Forest,TRUE,,https://ror.org/012a18r91
048zssa22,Institute of Biochemistry and Physiology of Microorganisms,TRUE,,https://ror.org/048zssa22
021kjh741,Institute of Biochemistry and Physiology of Plants and Microorganisms,TRUE,,https://ror.org/021kjh741
006btmz82,Institute of Systematics and Ecology of Animals,TRUE,,https://ror.org/006btmz82
02x9fc857,Pacific Institute of Bioorganic Chemistry. GB Elyakova Far Eastern Branch of the Russian Academy of Sciences,TRUE,,https://ror.org/02x9fc857
0362x2g28,Forestry Research Institute of Karelian Research Centre,TRUE,,https://ror.org/0362x2g28
02cge6w61,Central Siberian Botanical Garden,TRUE,,https://ror.org/02cge6w61
02ygqdd77,Centre for Forest Ecology and Productivity,TRUE,,https://ror.org/02ygqdd77
045sc8e83,Federal Center Research Fundamentals of Biotechnology,TRUE,,https://ror.org/045sc8e83
04e09qg36,Institute of Ecology and Genetics of Microorganisms,TRUE,,https://ror.org/04e09qg36
035y1ap70,Institute of Biology of Karelian Research Centre,TRUE,,https://ror.org/035y1ap70
05nyr7981,Institute of General and Experimental Biology,TRUE,,https://ror.org/05nyr7981
039hpv827,Institute of Forest Science,TRUE,,https://ror.org/039hpv827
015y4fr56,Institute of Paleontology A A Borisyak,TRUE,,https://ror.org/015y4fr56
01ryjjz47,Siberian Institute of Plant Physiology and Biochemistry,TRUE,,https://ror.org/01ryjjz47
05b9eba69,Institute for Soil Science and Agricultural Chemistry,TRUE,,https://ror.org/05b9eba69
0324qh176,Institute of Biology Ufa Science Center,TRUE,,https://ror.org/0324qh176
0218eta95,Department of Physiological Sciences,TRUE,,https://ror.org/0218eta95
022rrvm68,Pavlov Institute of Physiology of the Russian Academy of Sciences,TRUE,,https://ror.org/022rrvm68
057n4xq60,Institute of Higher Nervous Activity and Neurophysiology,TRUE,,https://ror.org/057n4xq60
016hfp155,Institute of Biomedical Problems,TRUE,,https://ror.org/016hfp155
039ekp273,Institute of Cellular and Intracellular Symbiosis,TRUE,,https://ror.org/039ekp273
02vf4sk45,Institute of Evolutionary Physiology and Biochemistry,TRUE,,https://ror.org/02vf4sk45
01ska0903,Institute of the Human Brain,TRUE,,https://ror.org/01ska0903
02ncvqp37,Center for Theoretical Problems of Physicochemical Pharmacology,TRUE,,https://ror.org/02ncvqp37
05bpnjz66,Institute of Pharmacology Russian Academy of Medical Sciences,TRUE,,https://ror.org/05bpnjz66
01qt3dj82,Institute of Immunology and Physiology,TRUE,,https://ror.org/01qt3dj82
0554h7e84,Department of Earth Sciences,TRUE,,https://ror.org/0554h7e84
01jgbgc06,A.V.Topchiev Institute of Petrochemical Synthesis,TRUE,,https://ror.org/01jgbgc06
01hz5c771,Institute of Geography,TRUE,,https://ror.org/01hz5c771
00s1q1t70,Institute of Earthquake Prediction Theory and Mathematical Geophysics,TRUE,,https://ror.org/00s1q1t70
04tfjah29,Limnological Institute,TRUE,,https://ror.org/04tfjah29
00n1e1p60,Institute of Oceanology. PP Shirshov Russian Academy of Sciences,TRUE,,https://ror.org/00n1e1p60
010y19q47,Earth Cryosphere Institute,TRUE,,https://ror.org/010y19q47
05m2n8847,V.E. Zuev Institute of Atmospheric Optics,TRUE,,https://ror.org/05m2n8847
03b4ksy95,Institute of Global Climate and Ecology,TRUE,,https://ror.org/03b4ksy95
056mrsz54,Schmidt Institute of Physics of the Earth,TRUE,,https://ror.org/056mrsz54
012q2tk82,Institute of Solar-Terrestrial Physics,TRUE,,https://ror.org/012q2tk82
056wf8856,Kola Science Centre,TRUE,,https://ror.org/056wf8856
044ht0n88,State Hydrological Institute,TRUE,,https://ror.org/044ht0n88
03snt1857,A.M. Obukhov Institute of Atmospheric Physics,TRUE,,https://ror.org/03snt1857
01ds31v72,V.S. Sobolev Institute of Geology and Mineralogy,TRUE,,https://ror.org/01ds31v72
054xffa50,Institute of Geology of Ore Deposits Petrography Mineralogy and Geochemistry,TRUE,,https://ror.org/054xffa50
04w1wsw24,Geophysical Center,TRUE,,https://ror.org/04w1wsw24
00y1dzm96,Institute of Petroleum Geology and Geophysics,TRUE,,https://ror.org/00y1dzm96
046msd355,Institute of Complex Development of Bowels,TRUE,,https://ror.org/046msd355
01rmxff98,Institute of Water Problems,TRUE,,https://ror.org/01rmxff98
045xd0268,Institute of the Earth’s Crust,TRUE,,https://ror.org/045xd0268
009g8f974,Far East Geological Institute,TRUE,,https://ror.org/009g8f974
03jrs5v66,Institute of Geosphere Dynamics,TRUE,,https://ror.org/03jrs5v66
0121whw78,Sergeev Institute of Environmental Geoscience,TRUE,,https://ror.org/0121whw78
049pzbj60,Institute of Mining,TRUE,,https://ror.org/049pzbj60
04x7sgz22,Mining Institute,TRUE,,https://ror.org/04x7sgz22
0261qw820,Institute of Steppe,TRUE,,https://ror.org/0261qw820
04kh9f807,Institute of Precambrian Geology and Geochronology,TRUE,,https://ror.org/04kh9f807
02f0cra24,Geological Institute,TRUE,,https://ror.org/02f0cra24
03f5ppt85,"Pacific Institute of Geography, Far Eastern Branch of the Russian Academy of Sciences",TRUE,,https://ror.org/03f5ppt85
03vqakm84,Institute of Mining,TRUE,,https://ror.org/03vqakm84
01831n272,Institute of Experimental Mineralogy,TRUE,,https://ror.org/01831n272
03szme345,Institute of Tectonics and Geophysics named after Y.A. Kosygin,TRUE,,https://ror.org/03szme345
011nbgj79,Institute of Coal of the Siberian Branch of the RAS,TRUE,,https://ror.org/011nbgj79
04850rm18,Baikal Institute of Nature Management,TRUE,,https://ror.org/04850rm18
05qc18f66,V.I. Il'ichev Pacific Oceanological Institute,TRUE,,https://ror.org/05qc18f66
0305m4448,Diamond and Precious Metal Geology Institute,TRUE,,https://ror.org/0305m4448
05sbpak56,Geophysical Survey,TRUE,,https://ror.org/05sbpak56
05tpxpz56,Institute of Mineralogy,TRUE,,https://ror.org/05tpxpz56
01ww2bg72,Oil and Gas Research Institute,TRUE,,https://ror.org/01ww2bg72
04eqxyk73,Institute of Volcanology and Seismology,TRUE,,https://ror.org/04eqxyk73
05961na22,Marine Hydrophysical Institute,TRUE,,https://ror.org/05961na22
03ww91346,Institute of Water Problems of the North Karelian Research Centre,TRUE,,https://ror.org/03ww91346
01ygw1452,Institute of Ecological Problems of the North,TRUE,,https://ror.org/01ygw1452
01gqnz112,Vinogradov Institute of Geochemistry,TRUE,,https://ror.org/01gqnz112
03b1v3160,Zavaritsky Institute of Geology and Geochemistry,TRUE,,https://ror.org/03b1v3160
05skghf24,Institute of Geology Ufa Scientific Center,TRUE,,https://ror.org/05skghf24
002vd5g50,Research Station of the Russian Academy of Sciences in Bishkek,TRUE,,https://ror.org/002vd5g50
04we3tx21,Institute of Geology of the Karelian Research Center,TRUE,,https://ror.org/04we3tx21
01twn9665,Department of Social Sciences,TRUE,,https://ror.org/01twn9665
00g6nvj03,Institute of State and Law,TRUE,,https://ror.org/00g6nvj03
00wfve797,Institute of Sociology,TRUE,,https://ror.org/00wfve797
05kvjc571,Institute of Psychology,TRUE,,https://ror.org/05kvjc571
02n937p61,Central Economics and Mathematics Institute,TRUE,,https://ror.org/02n937p61
005gbx671,Institute of Philosophy,TRUE,,https://ror.org/005gbx671
03tx2pf91,Institute of Socio-Economic Development of Territories,TRUE,,https://ror.org/03tx2pf91
02r4ram30,Institute of Economics,TRUE,,https://ror.org/02r4ram30
059dmrc35,Institute of Agrarian Problems,TRUE,,https://ror.org/059dmrc35
01p8wcy85,Institute of Economic Forecasting,TRUE,,https://ror.org/01p8wcy85
05a33r812,Market Economy Institute,TRUE,,https://ror.org/05a33r812
02mx1ea71,Institute of Socio-Political Research,TRUE,,https://ror.org/02mx1ea71
03ck95c19,Institute for Regional Economics,TRUE,,https://ror.org/03ck95c19
021eek248,Department of Global Issues and International Relations,TRUE,,https://ror.org/021eek248
04jqmw447,Institute of World Economy and International Relations,TRUE,,https://ror.org/04jqmw447
02a5hqa58,Institute for African Studies,TRUE,,https://ror.org/02a5hqa58
00gprdj76,Latin American Institute,TRUE,,https://ror.org/00gprdj76
02ae4g054,Division of Historical and Philological Sciences,TRUE,,https://ror.org/02ae4g054
033px5146,Institute of Linguistics,TRUE,,https://ror.org/033px5146
056635736,Institute of Oriental Studies,TRUE,,https://ror.org/056635736
020frqf17,Literary Institute named after AM Gorky,TRUE,,https://ror.org/020frqf17
02e1eph40,Institute of World History,TRUE,,https://ror.org/02e1eph40
05nb4x016,Institute of Linguistic Studies,TRUE,,https://ror.org/05nb4x016
05gmwtd57,Institute of History and Archaeology,TRUE,,https://ror.org/05gmwtd57
04f3vpm64,Institute of Anthropology and Ethnography,TRUE,,https://ror.org/04f3vpm64
00je00x55,Institute of Mongolian Buddhist and Tibetan Studies,TRUE,,https://ror.org/00je00x55
05m3tag45,Institute of Archaeology and Ethnography,TRUE,,https://ror.org/05m3tag45
04ef8pm25,Archive,TRUE,,https://ror.org/04ef8pm25
028a8bc58,Institute of Russian Literature,TRUE,,https://ror.org/028a8bc58
02e2pmn45,Institute of Slavic Studies,TRUE,,https://ror.org/02e2pmn45
02bc50c05,Museum of Anthropology and Ethnography. Peter the Great Kunstkamera of the Russian Academy of Sciences,TRUE,,https://ror.org/02bc50c05
02qpqb855,Institute of History,TRUE,,https://ror.org/02qpqb855
0266a1t84,"Udmurt Institute of History, Language and Literature",TRUE,,https://ror.org/0266a1t84
02s6ww326,Institute of Oriental Manuscripts,TRUE,,https://ror.org/02s6ww326
00tnkbn59,Institute of Archaeology,TRUE,,https://ror.org/00tnkbn59
05ct5rw58,Saint-Petersburg Institute of History,TRUE,,https://ror.org/05ct5rw58
00z0g8n94,Kalmyk Institute for Humanities Research,TRUE,,https://ror.org/00z0g8n94
04xnqnd94,Institute for Humanities Research and Indigenous Studies of the North,TRUE,,https://ror.org/04xnqnd94
04wbz7w60,Institute of History of Material Culture,TRUE,,https://ror.org/04wbz7w60
020e8vq13,Russian Language Institute. VV Vinogradov Academy of Sciences,TRUE,,https://ror.org/020e8vq13
019zcmj26,Department of Medical Sciences,TRUE,,https://ror.org/019zcmj26
03dhz7247,Research Centre for Medical Genetics,TRUE,,https://ror.org/03dhz7247
017pcqs43,D.I. Ivanovsky Institute of Virology Russian Academy of Medical Sciences,TRUE,,https://ror.org/017pcqs43
02t1t6n83,Burdenko Neurosurgery Institute,TRUE,,https://ror.org/02t1t6n83
040wrkp27,Institute of Biomedical Chemistry,TRUE,,https://ror.org/040wrkp27
01sb2fs58,Institute of Cardiology,TRUE,,https://ror.org/01sb2fs58
03bk73w20,Research Institute of Vaccines and Sera. Mechnikov of the Russian Academy of Medical Sciences,TRUE,,https://ror.org/03bk73w20
041471c24,National Research Center for Hematology Russian Academy of Medical Sciences,TRUE,,https://ror.org/041471c24
05gf3n961,Tomsk Cancer Research Institute,TRUE,,https://ror.org/05gf3n961
029k7k053,Research Institute of Medical Genetics of Russian Academy of Medical Sciences,TRUE,,https://ror.org/029k7k053
0344x6030,Institute of Experimental Medicine,TRUE,,https://ror.org/0344x6030
026md7341,Research Institute of Mental Health,TRUE,,https://ror.org/026md7341
04rawk951,Chumakov Institute of Poliomyelitis and Viral Encephalitides,TRUE,,https://ror.org/04rawk951
051f11n17,Institute of Molecular Biology and Biophysics,TRUE,,https://ror.org/051f11n17
01gk2wz65,Research Institute of Therapy and Preventive Medicine,TRUE,,https://ror.org/01gk2wz65
049317064,Scientific Center of Children's Health,TRUE,,https://ror.org/049317064
056an8658,Institute of Clinical and Experimental Lymphology,TRUE,,https://ror.org/056an8658
044171329,Research Institute of Pharmacology and Regenerative Medicine named ED Goldberg,TRUE,,https://ror.org/044171329
008cjy335,Scientific Research Institute of Experimental and Clinical Medicine,TRUE,,https://ror.org/008cjy335
01w84qj32,Research Institute General Resuscitation im.V.A.Negovskogo,TRUE,,https://ror.org/01w84qj32
05pc7fv53,National Research Institute of Public Health named after NA Semashko,TRUE,,https://ror.org/05pc7fv53
03jmc9t23,"Research Institute of General Pathology and Pathophysiology, the Russian Academy of Medical Sciences",TRUE,,https://ror.org/03jmc9t23
055csed06,Mental Health Research Center of Russian Academy of Medical Sciences,TRUE,,https://ror.org/055csed06
01b3qhp76,Research Institute of Fundamental and Clinical Immunology,TRUE,,https://ror.org/01b3qhp76
04z8mkz77,Research Institute of Physiology and Fundamental Medicine of the Siberian Branch of the Russian Academy of Medical Sciences,TRUE,,https://ror.org/04z8mkz77
05ssfag15,"Scientific Research Institute of Nutrition, the Russian Academy of Medical Sciences",TRUE,,https://ror.org/05ssfag15
01n0q6e38,Gause Institute of New Antibiotics Russian Academy of Medical Sciences,TRUE,,https://ror.org/01n0q6e38
05t5rc419,Research Institute of Complex Problems of Cardiovascular Disease Russian Academy of Medical Sciences,TRUE,,https://ror.org/05t5rc419
009qtkb56,Research Institute of Obstetrics and Gynecology named after DO Ott Russian Academy of Medical Sciences,TRUE,,https://ror.org/009qtkb56
027n02r78,Scientific Center of Family Health Problems and Human Reproduction,TRUE,,https://ror.org/027n02r78
03z90hq89,Central Scientific Research Institute of Tuberculosis Russian Academy of Medical Sciences,TRUE,,https://ror.org/03z90hq89
03c94bc04,Bakulev Scientific Center for Cardiovascular Surgery Russian Academy of Medical Sciences,TRUE,,https://ror.org/03c94bc04
006byrq44,Far Eastern Scientific Centre of Physiology and Pathology of Respiration Russian Academy of Medical Sciences,TRUE,,https://ror.org/006byrq44
0422tyr14,Federal State Scientific Institution Research Institute of Eye Diseases,TRUE,,https://ror.org/0422tyr14
04skssb35,"The Federal State Budgetary Scientific Institution ""Izmerov Research Institute of Occupational Health""",TRUE,,https://ror.org/04skssb35
04kakt857,Institute of Normal Physiology named after PK Anokhin,TRUE,,https://ror.org/04kakt857
05wtp9w08,Department of Agricultural Sciences,TRUE,,https://ror.org/05wtp9w08
01e69j385,All-Russian Institute of Plant Protection,TRUE,,https://ror.org/01e69j385
004914a33,Federal Scientific Center for Animal Husbandry named after Academician L.K. Ernst,TRUE,,https://ror.org/004914a33
00ewbej21,Gorbatov's All-Russian Meat Research Institute,TRUE,,https://ror.org/00ewbej21
05ea3hs66,National Research Institute for Veterinary Virology and Microbiology of Russia,TRUE,,https://ror.org/05ea3hs66
02xv1yp72,All-Russian Scientific Research Institute of Radiology and AgroEcology,TRUE,,https://ror.org/02xv1yp72
03ta4hv58,Russian Research Institute for Phytopathology,TRUE,,https://ror.org/03ta4hv58
040er0w10,All-Russian Scientific Research Institute of Food Biotechnology,TRUE,,https://ror.org/040er0w10
01f02ww36,All-Russian Research Institute of Agricultural Microbiology,TRUE,,https://ror.org/01f02ww36
05c3bnw72,V.V. Dokuchaev Soil Science Institute,TRUE,,https://ror.org/05c3bnw72
01s15bz77,All-Russian Scientific Research and Technological Institute of Poultry Russian Academy of Agricultural Sciences,TRUE,,https://ror.org/01s15bz77
047swfp57,All-Russian Scientific Research Institute of Fruit Crops Breeding Russian Academy of Agricultural Sciences,TRUE,,https://ror.org/047swfp57
00et21g06,All-Russian Research Institute of Agricultural Biotechnology Russian Academy of Agricultural Sciences,TRUE,,https://ror.org/00et21g06
01q34dp24,Povolzhsky Research Institute of Production and Processing of Meat and Dairy Products,TRUE,,https://ror.org/01q34dp24
034sqmv32,Agrophysical Research Institute,TRUE,,https://ror.org/034sqmv32
03sgkc956,All-Russian Rice Research Institute,TRUE,,https://ror.org/03sgkc956
04nsjct52,VNIIPelkhozkhim,TRUE,,https://ror.org/04nsjct52
00rejsz57,All-Russian Scientific and Research Institute of Brucellosis and Tuberculosis of Animals,TRUE,,https://ror.org/00rejsz57
04gcp7g78,"All - Russian Scientific Research Institute of Tobacco, Makhorka and Tobacco Products",TRUE,,https://ror.org/04gcp7g78
05fhdzx69,Federal Scientific Agroengineering Center VIM,TRUE,,https://ror.org/05fhdzx69
0160dkh89,All-Russian Research Institute of Biological Plant Protection,TRUE,,https://ror.org/0160dkh89
05y57mm42,All-Russian Scientific Research Institute of Flax,TRUE,,https://ror.org/05y57mm42
00pbt4z69,North Caucasian Zonal Scientific Research Veterinary Institute,TRUE,,https://ror.org/00pbt4z69
00g7nbz02,SZNIIMESH,TRUE,,https://ror.org/00g7nbz02
00f6n1x59,Far Eastern Scientific Research Institute of Mechanization and Electrification of Agriculture,TRUE,,https://ror.org/00f6n1x59
05ge22856,"All-Russian Research Institute of Veterinary Sanitation, Hygiene and Ecology",TRUE,,https://ror.org/05ge22856
03yhtwa63,Magadan Research Institute of Agriculture,TRUE,,https://ror.org/03yhtwa63
00hcsjz98,"Agrarian Science Center ""Donskoy""",TRUE,,https://ror.org/00hcsjz98
01cjh3728,Research Institute of Bakery Industry,TRUE,,https://ror.org/01cjh3728
05gga8159,Yakut Scientific Research Institute of Agriculture,TRUE,,https://ror.org/05gga8159
015480z05,All-Russian Institute of Agrarian Problems and Informatics A.A.Nikonova,TRUE,,https://ror.org/015480z05
05rbd6k73,Regional Research Centres,TRUE,,https://ror.org/05rbd6k73
056wf8856,Kola Science Centre,TRUE,,https://ror.org/056wf8856
053nrfb18,Southern Scientific Center,TRUE,,https://ror.org/053nrfb18
02j983531,Scientific Center,TRUE,,https://ror.org/02j983531
05wgt8358,Karelian Research Centre,TRUE,,https://ror.org/05wgt8358
00g4bcb66,Kazan Scientific Center,TRUE,,https://ror.org/00g4bcb66
006knem90,Tatar Scientific Research Institute of Agrochemistry and Soil Science,TRUE,,https://ror.org/006knem90
044037f11,Saratov Research Center,TRUE,,https://ror.org/044037f11
05tc61k56,Pushchino State Institute of Natural Sciences,TRUE,,https://ror.org/05tc61k56
01z0w8p93,Tomsk National Research Medical Center,TRUE,,https://ror.org/01z0w8p93
04f0ydx59,Bioengineering Center,TRUE,,https://ror.org/04f0ydx59
00029be75,Institute of Biology of Komi Scientific Centre,TRUE,,https://ror.org/00029be75
037jk8996,Institute of Ecology of Mountain Territories,TRUE,,https://ror.org/037jk8996
041v5wj47,"Institute of Mineralogy, Geochemistry and Crystallochemistry of Rare Elements",TRUE,,https://ror.org/041v5wj47
03cdkd641,Institute of Social and Economic Studies of Population,TRUE,,https://ror.org/03cdkd641
00fr05644,Institute for International Economic and Political Studies,TRUE,,https://ror.org/00fr05644
005n4rr58,Scientific Research Institute of Introscopy,TRUE,,https://ror.org/005n4rr58
021923v79,Institute of Marine Geology and Geophysics,TRUE,,https://ror.org/021923v79
02qhbts44,Vernadsky State Geological Museum,TRUE,,https://ror.org/02qhbts44
01wxbtj35,All-Russian Scientific Research Institute of Butter and Cheese Making,TRUE,,https://ror.org/01wxbtj35
01fz81h65,Dagestan Scientific Center of the Russian Academy of Sciences,TRUE,,https://ror.org/01fz81h65
02sp4ja91,Institute of Physics. HI Amirkhanova,TRUE,,https://ror.org/02sp4ja91
00sv3ym08,Institute of Precision Mechanics and Computer Science. SA Lebedev,TRUE,,https://ror.org/00sv3ym08
049cw4s75,North Caucasian Research Institute of Mountain and Foothill Agriculture,TRUE,,https://ror.org/049cw4s75
010rhww45,Experimental Factory of Scientific Engineering and Special Design Department,TRUE,,https://ror.org/010rhww45
005n3yy14,Institute of Physics and Technology,TRUE,,https://ror.org/005n3yy14
03a8ase89,Institute of Physics of Molecules and Crystals,TRUE,,https://ror.org/03a8ase89
04d2pnx52,Institute for Complex Analysis of Regional Problems,TRUE,,https://ror.org/04d2pnx52
04j4xtm35,Institute of Scientific Information on Social Sciences,TRUE,,https://ror.org/04j4xtm35
01brhxa96,Library of the Russian Academy of Sciences,TRUE,,https://ror.org/01brhxa96
045dz4566,Submicron Heterostructures for Microelectronics Research and Engineering Center,TRUE,,https://ror.org/045dz4566
grid.507177.3,S.I.Vavilov Institute for the History of Science and Technology,TRUE,,
